<?xml version="1.0" encoding="UTF-8"?>
<con:soapui-project id="f8040b89-9bdf-4c70-a225-f79273b0c980" activeEnvironment="Default" name="EmpMgmt" resourceRoot="" soapui-version="5.5.0" abortOnError="false" runType="SEQUENTIAL" xmlns:con="http://eviware.com/soapui/config"><con:settings/><con:interface xsi:type="con:WsdlInterface" id="32210d9a-681a-48a6-97d8-7b9ac43cdc0c" wsaVersion="NONE" name="EmployeeManagementServiceSoap12Binding" type="wsdl" bindingName="{http://sample.com/reservation/guest}EmployeeManagementServiceSoap12Binding" soapVersion="1_2" anonymous="optional" definition="http://localhost:8090/axis2/services/EmployeeManagementService?wsdl" xmlns:xsi="http://www.w3.org/2001/XMLSchema-instance"><con:settings/><con:definitionCache/><con:endpoints><con:endpoint>http://localhost:8090/axis2/services/EmployeeManagementService.EmployeeManagementServiceHttpSoap12Endpoint/</con:endpoint></con:endpoints><con:operation id="019ed75f-5a53-41ed-bb1b-ab1e816e0abd" isOneWay="false" action="urn:addEmployee" name="addEmployee" bindingOperationName="addEmployee" type="Request-Response" inputName="" receivesAttachments="false" sendsAttachments="false" anonymous="optional"><con:settings/><con:call id="0d5137c7-549b-4893-bdea-7d684b51ee40" name="Request 1"><con:settings><con:setting id="com.eviware.soapui.impl.wsdl.WsdlRequest@request-headers">&lt;xml-fragment/></con:setting></con:settings><con:encoding>UTF-8</con:encoding><con:endpoint>http://localhost:8090/axis2/services/EmployeeManagementService.EmployeeManagementServiceHttpSoap12Endpoint/</con:endpoint><con:request><![CDATA[<soap:Envelope xmlns:soap="http://www.w3.org/2003/05/soap-envelope" xmlns:typ="http://sample.com/reservation/guest/types">\r
   <soap:Header/>\r
   <soap:Body>\r
      <typ:addEmployee>\r
         <!--Optional:-->\r
         <typ:name>${#Project#name}</typ:name>\r
         <!--Optional:-->\r
         <typ:id></typ:id>\r
         <!--Optional:-->\r
         <typ:Department>?</typ:Department>\r
         <!--Optional:-->\r
         <typ:age>?</typ:age>\r
      </typ:addEmployee>\r
   </soap:Body>\r
</soap:Envelope>]]></con:request><con:credentials><con:authType>No Authorization</con:authType></con:credentials><con:jmsConfig JMSDeliveryMode="PERSISTENT"/><con:jmsPropertyConfig/><con:wsaConfig mustUnderstand="NONE" version="200508" action="urn:addEmployee"/><con:wsrmConfig version="1.2"/></con:call></con:operation><con:operation id="fd10af0f-0db2-44b4-9964-3fea2feedcd9" isOneWay="false" action="urn:deleteEmployee" name="deleteEmployee" bindingOperationName="deleteEmployee" type="One-Way" inputName="" sendsAttachments="false" anonymous="optional"><con:settings/><con:call id="cdce2a32-1bb7-4687-b944-ce6478b5c452" name="Request 1"><con:settings/><con:encoding>UTF-8</con:encoding><con:endpoint>http://localhost:8090/axis2/services/EmployeeManagementService.EmployeeManagementServiceHttpSoap12Endpoint/</con:endpoint><con:request><![CDATA[<soap:Envelope xmlns:soap="http://www.w3.org/2003/05/soap-envelope" xmlns:typ="http://sample.com/reservation/guest/types">\r
   <soap:Header/>\r
   <soap:Body>\r
      <typ:deleteEmployee>\r
         <!--Optional:-->\r
         <typ:employeeName>?</typ:employeeName>\r
      </typ:deleteEmployee>\r
   </soap:Body>\r
</soap:Envelope>]]></con:request><con:jmsConfig JMSDeliveryMode="PERSISTENT"/><con:wsaConfig mustUnderstand="NONE" version="200508" action="urn:deleteEmployee"/></con:call></con:operation><con:operation id="00bfebaf-65f8-4a38-99b4-f2de214c2d0d" isOneWay="false" action="urn:getEmployeeDetails" name="getEmployeeDetails" bindingOperationName="getEmployeeDetails" type="Request-Response" inputName="" receivesAttachments="false" sendsAttachments="false" anonymous="optional"><con:settings/><con:call id="58be9dee-3d12-435b-85f2-ab577651f085" name="Request 1"><con:settings/><con:encoding>UTF-8</con:encoding><con:endpoint>http://localhost:8090/axis2/services/EmployeeManagementService.EmployeeManagementServiceHttpSoap12Endpoint/</con:endpoint><con:request><![CDATA[<soap:Envelope xmlns:soap="http://www.w3.org/2003/05/soap-envelope" xmlns:typ="http://sample.com/reservation/guest/types">\r
   <soap:Header/>\r
   <soap:Body>\r
      <typ:getEmployeeDetails>\r
         <!--Optional:-->\r
         <typ:employeeName>?</typ:employeeName>\r
      </typ:getEmployeeDetails>\r
   </soap:Body>\r
</soap:Envelope>]]></con:request><con:jmsConfig JMSDeliveryMode="PERSISTENT"/><con:wsaConfig mustUnderstand="NONE" version="200508" action="urn:getEmployeeDetails"/></con:call></con:operation></con:interface><con:interface xsi:type="con:WsdlInterface" id="8c66b4a7-0524-49cf-aa82-0a8f320f4347" wsaVersion="NONE" name="EmployeeManagementServiceSoap11Binding" type="wsdl" bindingName="{http://sample.com/reservation/guest}EmployeeManagementServiceSoap11Binding" soapVersion="1_1" anonymous="optional" definition="http://localhost:8090/axis2/services/EmployeeManagementService?wsdl" xmlns:xsi="http://www.w3.org/2001/XMLSchema-instance"><con:settings/><con:definitionCache type="TEXT" rootPart="http://localhost:8090/axis2/services/EmployeeManagementService?wsdl"><con:part><con:url>http://localhost:8090/axis2/services/EmployeeManagementService?wsdl</con:url><con:content><![CDATA[<wsdl:definitions targetNamespace="http://sample.com/reservation/guest" xmlns:wsdl="http://schemas.xmlsoap.org/wsdl/" xmlns:ns="http://sample.com/reservation/guest/types" xmlns:wsaw="http://www.w3.org/2006/05/addressing/wsdl" xmlns:mime="http://schemas.xmlsoap.org/wsdl/mime/" xmlns:tns="http://sample.com/reservation/guest" xmlns:http="http://schemas.xmlsoap.org/wsdl/http/" xmlns:xs="http://www.w3.org/2001/XMLSchema" xmlns:ax21="http://exception.reservation.sample.com/xsd" xmlns:soap12="http://schemas.xmlsoap.org/wsdl/soap12/" xmlns:ns1="http://org.apache.axis2/xsd" xmlns:soap="http://schemas.xmlsoap.org/wsdl/soap/">
  <wsdl:documentation>EmployeeManagementService</wsdl:documentation>
  <wsdl:types>
    <xs:schema attributeFormDefault="qualified" elementFormDefault="qualified" targetNamespace="http://exception.reservation.sample.com/xsd">
      <xs:complexType name="EmployeeManagementException">
        <xs:sequence>
          <xs:element minOccurs="0" name="message" nillable="true" type="xs:string"/>
        </xs:sequence>
      </xs:complexType>
    </xs:schema>
    <xs:schema attributeFormDefault="qualified" elementFormDefault="qualified" targetNamespace="http://sample.com/reservation/guest/types" xmlns:ax22="http://exception.reservation.sample.com/xsd">
      <xs:import namespace="http://exception.reservation.sample.com/xsd"/>
      <xs:element name="EmployeeManagementServiceEmployeeManagementException">
        <xs:complexType>
          <xs:sequence>
            <xs:element minOccurs="0" name="EmployeeManagementException" nillable="true" type="ax22:EmployeeManagementException"/>
          </xs:sequence>
        </xs:complexType>
      </xs:element>
      <xs:element name="getEmployeeDetails">
        <xs:complexType>
          <xs:sequence>
            <xs:element minOccurs="0" name="employeeName" nillable="true" type="xs:string"/>
          </xs:sequence>
        </xs:complexType>
      </xs:element>
      <xs:element name="getEmployeeDetailsResponse">
        <xs:complexType>
          <xs:sequence>
            <xs:element minOccurs="0" name="return" nillable="true" type="ns:Employee"/>
          </xs:sequence>
        </xs:complexType>
      </xs:element>
      <xs:complexType name="Employee">
        <xs:sequence>
          <xs:element minOccurs="0" name="age" type="xs:int"/>
          <xs:element minOccurs="0" name="department" nillable="true" type="xs:string"/>
          <xs:element minOccurs="0" name="id" nillable="true" type="xs:string"/>
          <xs:element minOccurs="0" name="name" nillable="true" type="xs:string"/>
        </xs:sequence>
      </xs:complexType>
      <xs:element name="addEmployee">
        <xs:complexType>
          <xs:sequence>
            <xs:element minOccurs="0" name="name" nillable="true" type="xs:string"/>
            <xs:element minOccurs="0" name="id" nillable="true" type="xs:string"/>
            <xs:element minOccurs="0" name="Department" nillable="true" type="xs:string"/>
            <xs:element minOccurs="0" name="age" type="xs:int"/>
          </xs:sequence>
        </xs:complexType>
      </xs:element>
      <xs:element name="addEmployeeResponse">
        <xs:complexType>
          <xs:sequence>
            <xs:element minOccurs="0" name="return" type="xs:boolean"/>
          </xs:sequence>
        </xs:complexType>
      </xs:element>
      <xs:element name="deleteEmployee">
        <xs:complexType>
          <xs:sequence>
            <xs:element minOccurs="0" name="employeeName" nillable="true" type="xs:string"/>
          </xs:sequence>
        </xs:complexType>
      </xs:element>
    </xs:schema>
  </wsdl:types>
  <wsdl:message name="getEmployeeDetailsRequest">
    <wsdl:part name="parameters" element="ns:getEmployeeDetails"/>
  </wsdl:message>
  <wsdl:message name="getEmployeeDetailsResponse">
    <wsdl:part name="parameters" element="ns:getEmployeeDetailsResponse"/>
  </wsdl:message>
  <wsdl:message name="EmployeeManagementServiceEmployeeManagementException">
    <wsdl:part name="parameters" element="ns:EmployeeManagementServiceEmployeeManagementException"/>
  </wsdl:message>
  <wsdl:message name="deleteEmployeeRequest">
    <wsdl:part name="parameters" element="ns:deleteEmployee"/>
  </wsdl:message>
  <wsdl:message name="addEmployeeRequest">
    <wsdl:part name="parameters" element="ns:addEmployee"/>
  </wsdl:message>
  <wsdl:message name="addEmployeeResponse">
    <wsdl:part name="parameters" element="ns:addEmployeeResponse"/>
  </wsdl:message>
  <wsdl:portType name="EmployeeManagementServicePortType">
    <wsdl:operation name="getEmployeeDetails">
      <wsdl:input message="tns:getEmployeeDetailsRequest" wsaw:Action="urn:getEmployeeDetails"/>
      <wsdl:output message="tns:getEmployeeDetailsResponse" wsaw:Action="urn:getEmployeeDetailsResponse"/>
      <wsdl:fault message="tns:EmployeeManagementServiceEmployeeManagementException" name="EmployeeManagementServiceEmployeeManagementException" wsaw:Action="urn:getEmployeeDetailsEmployeeManagementServiceEmployeeManagementException"/>
    </wsdl:operation>
    <wsdl:operation name="deleteEmployee">
      <wsdl:input message="tns:deleteEmployeeRequest" wsaw:Action="urn:deleteEmployee"/>
      <wsdl:fault message="tns:EmployeeManagementServiceEmployeeManagementException" name="EmployeeManagementServiceEmployeeManagementException" wsaw:Action="urn:deleteEmployeeEmployeeManagementServiceEmployeeManagementException"/>
    </wsdl:operation>
    <wsdl:operation name="addEmployee">
      <wsdl:input message="tns:addEmployeeRequest" wsaw:Action="urn:addEmployee"/>
      <wsdl:output message="tns:addEmployeeResponse" wsaw:Action="urn:addEmployeeResponse"/>
      <wsdl:fault message="tns:EmployeeManagementServiceEmployeeManagementException" name="EmployeeManagementServiceEmployeeManagementException" wsaw:Action="urn:addEmployeeEmployeeManagementServiceEmployeeManagementException"/>
    </wsdl:operation>
  </wsdl:portType>
  <wsdl:binding name="EmployeeManagementServiceSoap11Binding" type="tns:EmployeeManagementServicePortType">
    <soap:binding transport="http://schemas.xmlsoap.org/soap/http" style="document"/>
    <wsdl:operation name="getEmployeeDetails">
      <soap:operation soapAction="urn:getEmployeeDetails" style="document"/>
      <wsdl:input>
        <soap:body use="literal"/>
      </wsdl:input>
      <wsdl:output>
        <soap:body use="literal"/>
      </wsdl:output>
      <wsdl:fault name="EmployeeManagementServiceEmployeeManagementException">
        <soap:fault use="literal" name="EmployeeManagementServiceEmployeeManagementException"/>
      </wsdl:fault>
    </wsdl:operation>
    <wsdl:operation name="deleteEmployee">
      <soap:operation soapAction="urn:deleteEmployee" style="document"/>
      <wsdl:input>
        <soap:body use="literal"/>
      </wsdl:input>
      <wsdl:fault name="EmployeeManagementServiceEmployeeManagementException">
        <soap:fault use="literal" name="EmployeeManagementServiceEmployeeManagementException"/>
      </wsdl:fault>
    </wsdl:operation>
    <wsdl:operation name="addEmployee">
      <soap:operation soapAction="urn:addEmployee" style="document"/>
      <wsdl:input>
        <soap:body use="literal"/>
      </wsdl:input>
      <wsdl:output>
        <soap:body use="literal"/>
      </wsdl:output>
      <wsdl:fault name="EmployeeManagementServiceEmployeeManagementException">
        <soap:fault use="literal" name="EmployeeManagementServiceEmployeeManagementException"/>
      </wsdl:fault>
    </wsdl:operation>
  </wsdl:binding>
  <wsdl:binding name="EmployeeManagementServiceSoap12Binding" type="tns:EmployeeManagementServicePortType">
    <soap12:binding transport="http://schemas.xmlsoap.org/soap/http" style="document"/>
    <wsdl:operation name="getEmployeeDetails">
      <soap12:operation soapAction="urn:getEmployeeDetails" style="document"/>
      <wsdl:input>
        <soap12:body use="literal"/>
      </wsdl:input>
      <wsdl:output>
        <soap12:body use="literal"/>
      </wsdl:output>
      <wsdl:fault name="EmployeeManagementServiceEmployeeManagementException">
        <soap12:fault use="literal" name="EmployeeManagementServiceEmployeeManagementException"/>
      </wsdl:fault>
    </wsdl:operation>
    <wsdl:operation name="deleteEmployee">
      <soap12:operation soapAction="urn:deleteEmployee" style="document"/>
      <wsdl:input>
        <soap12:body use="literal"/>
      </wsdl:input>
      <wsdl:fault name="EmployeeManagementServiceEmployeeManagementException">
        <soap12:fault use="literal" name="EmployeeManagementServiceEmployeeManagementException"/>
      </wsdl:fault>
    </wsdl:operation>
    <wsdl:operation name="addEmployee">
      <soap12:operation soapAction="urn:addEmployee" style="document"/>
      <wsdl:input>
        <soap12:body use="literal"/>
      </wsdl:input>
      <wsdl:output>
        <soap12:body use="literal"/>
      </wsdl:output>
      <wsdl:fault name="EmployeeManagementServiceEmployeeManagementException">
        <soap12:fault use="literal" name="EmployeeManagementServiceEmployeeManagementException"/>
      </wsdl:fault>
    </wsdl:operation>
  </wsdl:binding>
  <wsdl:binding name="EmployeeManagementServiceHttpBinding" type="tns:EmployeeManagementServicePortType">
    <http:binding verb="POST"/>
    <wsdl:operation name="getEmployeeDetails">
      <http:operation location="getEmployeeDetails"/>
      <wsdl:input>
        <mime:content type="application/xml" part="parameters"/>
      </wsdl:input>
      <wsdl:output>
        <mime:content type="application/xml" part="parameters"/>
      </wsdl:output>
    </wsdl:operation>
    <wsdl:operation name="deleteEmployee">
      <http:operation location="deleteEmployee"/>
      <wsdl:input>
        <mime:content type="application/xml" part="parameters"/>
      </wsdl:input>
    </wsdl:operation>
    <wsdl:operation name="addEmployee">
      <http:operation location="addEmployee"/>
      <wsdl:input>
        <mime:content type="application/xml" part="parameters"/>
      </wsdl:input>
      <wsdl:output>
        <mime:content type="application/xml" part="parameters"/>
      </wsdl:output>
    </wsdl:operation>
  </wsdl:binding>
  <wsdl:service name="EmployeeManagementService">
    <wsdl:port name="EmployeeManagementServiceHttpSoap11Endpoint" binding="tns:EmployeeManagementServiceSoap11Binding">
      <soap:address location="http://localhost:8090/axis2/services/EmployeeManagementService.EmployeeManagementServiceHttpSoap11Endpoint/"/>
    </wsdl:port>
    <wsdl:port name="EmployeeManagementServiceHttpSoap12Endpoint" binding="tns:EmployeeManagementServiceSoap12Binding">
      <soap12:address location="http://localhost:8090/axis2/services/EmployeeManagementService.EmployeeManagementServiceHttpSoap12Endpoint/"/>
    </wsdl:port>
    <wsdl:port name="EmployeeManagementServiceHttpEndpoint" binding="tns:EmployeeManagementServiceHttpBinding">
      <http:address location="http://localhost:8090/axis2/services/EmployeeManagementService.EmployeeManagementServiceHttpEndpoint/"/>
    </wsdl:port>
  </wsdl:service>
</wsdl:definitions>]]></con:content><con:type>http://schemas.xmlsoap.org/wsdl/</con:type></con:part></con:definitionCache><con:endpoints><con:endpoint>http://localhost:8090/axis2/services/EmployeeManagementService.EmployeeManagementServiceHttpSoap11Endpoint/</con:endpoint></con:endpoints><con:operation id="99edb89d-6ed7-47af-b8f2-8cfcbbc122d5" isOneWay="false" action="urn:addEmployee" name="addEmployee" bindingOperationName="addEmployee" type="Request-Response" inputName="" receivesAttachments="false" sendsAttachments="false" anonymous="optional"><con:settings/><con:call id="147c47ed-05fe-4b83-a5f8-7a7d8d9f76a7" name="Request 1"><con:settings><con:setting id="com.eviware.soapui.impl.wsdl.WsdlRequest@request-headers">&lt;xml-fragment/></con:setting></con:settings><con:encoding>UTF-8</con:encoding><con:endpoint>http://localhost:8090/axis2/services/EmployeeManagementService.EmployeeManagementServiceHttpSoap11Endpoint/</con:endpoint><con:request><![CDATA[<soapenv:Envelope xmlns:soapenv="http://schemas.xmlsoap.org/soap/envelope/" xmlns:typ="http://sample.com/reservation/guest/types">\r
   <soapenv:Header/>\r
   <soapenv:Body>\r
      <typ:addEmployee>\r
         <!--Optional:-->\r
         <typ:name>sumant</typ:name>\r
         <!--Optional:-->\r
         <typ:id></typ:id>\r
         <!--Optional:-->\r
         <typ:Department>ece</typ:Department>\r
         <!--Optional:-->\r
         <typ:age>21</typ:age>\r
      </typ:addEmployee>\r
   </soapenv:Body>\r
</soapenv:Envelope>]]></con:request><con:credentials><con:authType>No Authorization</con:authType></con:credentials><con:jmsConfig JMSDeliveryMode="PERSISTENT"/><con:jmsPropertyConfig/><con:wsaConfig mustUnderstand="NONE" version="200508" action="urn:addEmployee"/><con:wsrmConfig version="1.2"/></con:call></con:operation><con:operation id="fbb96f89-7d78-4ce2-aca2-38cbce1f0dd6" isOneWay="false" action="urn:deleteEmployee" name="deleteEmployee" bindingOperationName="deleteEmployee" type="One-Way" inputName="" sendsAttachments="false" anonymous="optional"><con:settings/><con:call id="d5959cbe-015c-4f8a-a839-317a22df19ad" name="Request 1"><con:settings/><con:encoding>UTF-8</con:encoding><con:endpoint>http://localhost:8090/axis2/services/EmployeeManagementService.EmployeeManagementServiceHttpSoap11Endpoint/</con:endpoint><con:request><![CDATA[<soapenv:Envelope xmlns:soapenv="http://schemas.xmlsoap.org/soap/envelope/" xmlns:typ="http://sample.com/reservation/guest/types">\r
   <soapenv:Header/>\r
   <soapenv:Body>\r
      <typ:deleteEmployee>\r
         <!--Optional:-->\r
         <typ:employeeName>?</typ:employeeName>\r
      </typ:deleteEmployee>\r
   </soapenv:Body>\r
</soapenv:Envelope>]]></con:request><con:jmsConfig JMSDeliveryMode="PERSISTENT"/><con:wsaConfig mustUnderstand="NONE" version="200508" action="urn:deleteEmployee"/></con:call></con:operation><con:operation id="a9e36c09-5d89-42fd-b165-0e0090a03e46" isOneWay="false" action="urn:getEmployeeDetails" name="getEmployeeDetails" bindingOperationName="getEmployeeDetails" type="Request-Response" inputName="" receivesAttachments="false" sendsAttachments="false" anonymous="optional"><con:settings/><con:call id="d45f5998-b5f2-46c7-ad92-3754a098b17a" name="Request 1"><con:settings/><con:encoding>UTF-8</con:encoding><con:endpoint>http://localhost:8090/axis2/services/EmployeeManagementService.EmployeeManagementServiceHttpSoap11Endpoint/</con:endpoint><con:request><![CDATA[<soapenv:Envelope xmlns:soapenv="http://schemas.xmlsoap.org/soap/envelope/" xmlns:typ="http://sample.com/reservation/guest/types">\r
   <soapenv:Header/>\r
   <soapenv:Body>\r
      <typ:getEmployeeDetails>\r
         <!--Optional:-->\r
         <typ:employeeName>?</typ:employeeName>\r
      </typ:getEmployeeDetails>\r
   </soapenv:Body>\r
</soapenv:Envelope>]]></con:request><con:jmsConfig JMSDeliveryMode="PERSISTENT"/><con:wsaConfig mustUnderstand="NONE" version="200508" action="urn:getEmployeeDetails"/></con:call></con:operation></con:interface><con:testSuite id="6e2cdccf-ffc4-43ca-ba42-b96717c17305" name="TestSuite12"><con:settings/><con:runType>SEQUENTIAL</con:runType><con:testCase id="50f35304-3e87-40ad-a33c-f05d44b61564" failOnError="true" failTestCaseOnErrors="true" keepSession="false" maxResults="0" name="addEmployee TestCase" searchProperties="true"><con:settings/><con:testStep type="request" id="2b0b0a3d-6aef-46fd-9fc9-804334a0083f" name="addEmployee"><con:settings/><con:config xsi:type="con:RequestStep" xmlns:xsi="http://www.w3.org/2001/XMLSchema-instance"><con:interface>EmployeeManagementServiceSoap12Binding</con:interface><con:operation>addEmployee</con:operation><con:request name="addEmployee" id="105cd829-fc78-425f-9d98-169056154969"><con:settings><con:setting id="com.eviware.soapui.impl.wsdl.WsdlRequest@request-headers">&lt;xml-fragment/></con:setting></con:settings><con:encoding>UTF-8</con:encoding><con:endpoint>http://localhost:8090/axis2/services/EmployeeManagementService.EmployeeManagementServiceHttpSoap12Endpoint/</con:endpoint><con:request><![CDATA[<soap:Envelope xmlns:soap="http://www.w3.org/2003/05/soap-envelope" xmlns:typ="http://sample.com/reservation/guest/types">\r
   <soap:Header/>\r
   <soap:Body>\r
      <typ:addEmployee>\r
         <!--Optional:-->\r
         <typ:name>starbugs</typ:name>\r
         <!--Optional:-->\r
         <typ:id>7</typ:id>\r
         <!--Optional:-->\r
         <typ:Department>testing</typ:Department>\r
         <!--Optional:-->\r
         <typ:age>22</typ:age>\r
      </typ:addEmployee>\r
   </soap:Body>\r
</soap:Envelope>]]></con:request><con:assertion type="Simple Contains" id="53315b9e-eed2-4ff4-ba72-42a31505de1c" name="Contains"><con:configuration><token/><ignoreCase>false</ignoreCase><useRegEx>false</useRegEx></con:configuration></con:assertion><con:assertion type="Simple NotContains" id="47b44633-80fa-465d-b2ff-428549622cbd" name="Not Contains"><con:configuration><token>false</token><ignoreCase>false</ignoreCase><useRegEx>false</useRegEx></con:configuration></con:assertion><con:assertion type="Invalid HTTP Status Codes" id="22483a1b-cdbd-48fe-9faf-9fdf9d6eeb4b" name="Invalid HTTP Status Codes"><con:configuration><codes>400</codes></con:configuration></con:assertion><con:credentials><con:authType>No Authorization</con:authType></con:credentials><con:jmsConfig JMSDeliveryMode="PERSISTENT"/><con:jmsPropertyConfig/><con:wsaConfig action="urn:addEmployee" mustUnderstand="NONE" version="200508"/><con:wsrmConfig version="1.2"/></con:request></con:config></con:testStep><con:properties><con:property><con:name>age</con:name><con:value>21</con:value></con:property></con:properties></con:testCase><con:testCase id="f20496ae-fb19-40f0-8fb5-28b211d36db8" failOnError="true" failTestCaseOnErrors="true" keepSession="false" maxResults="0" name="getEmployeeDetails TestCase" searchProperties="true"><con:settings/><con:testStep type="request" id="fdaabf23-f728-4505-b03e-7e3b6869218f" name="getEmployeeDetails"><con:settings/><con:config xsi:type="con:RequestStep" xmlns:xsi="http://www.w3.org/2001/XMLSchema-instance"><con:interface>EmployeeManagementServiceSoap12Binding</con:interface><con:operation>getEmployeeDetails</con:operation><con:request name="getEmployeeDetails" id="7f71b609-3403-48a6-8737-0effec7618cd"><con:settings><con:setting id="com.eviware.soapui.impl.wsdl.WsdlRequest@request-headers">&lt;xml-fragment/></con:setting></con:settings><con:encoding>UTF-8</con:encoding><con:endpoint>http://localhost:8090/axis2/services/EmployeeManagementService.EmployeeManagementServiceHttpSoap12Endpoint/</con:endpoint><con:request><![CDATA[<soap:Envelope xmlns:soap="http://www.w3.org/2003/05/soap-envelope" xmlns:typ="http://sample.com/reservation/guest/types">\r
   <soap:Header/>\r
   <soap:Body>\r
      <typ:getEmployeeDetails>\r
         <!--Optional:-->\r
         <typ:employeeName>starbugs</typ:employeeName>\r
      </typ:getEmployeeDetails>\r
   </soap:Body>\r
</soap:Envelope>]]></con:request><con:assertion type="Simple Contains" id="f28cbbb3-2a67-458c-8bad-9062dbcdf9bc" name="Contains"><con:configuration><token/><ignoreCase>false</ignoreCase><useRegEx>false</useRegEx></con:configuration></con:assertion><con:assertion type="Invalid HTTP Status Codes" id="092880b7-62e0-4d63-8168-fbb353998d5a" name="Invalid HTTP Status Codes"><con:configuration><codes>400</codes></con:configuration></con:assertion><con:assertion type="Simple NotContains" id="6053e763-fad3-48eb-894a-b9b2ffe13c0e" name="Not Contains"><con:configuration><token>starbuge</token><ignoreCase>false</ignoreCase><useRegEx>false</useRegEx></con:configuration></con:assertion><con:assertion type="XPath Match" id="13665341-07d7-45da-b6b4-ef589ccb69e8" name="XPath Match"><con:configuration><path>declare namespace soapenv='http://www.w3.org/2003/05/soap-envelope';
declare namespace ns='http://sample.com/reservation/guest/types';
declare namespace ax21='http://exception.reservation.sample.com/xsd';
//ns:return</path><content><![CDATA[<ns:return xsi:type="ns:Employee" xmlns:ax21="http://exception.reservation.sample.com/xsd" xmlns:xsi="http://www.w3.org/2001/XMLSchema-instance" xmlns:ns="http://sample.com/reservation/guest/types" xmlns:soapenv="http://www.w3.org/2003/05/soap-envelope">
  <ns:age>22</ns:age>
  <ns:department>testing</ns:department>
  <ns:id>7</ns:id>
  <ns:name>starbugs</ns:name>
</ns:return>]]></content><allowWildcards>true</allowWildcards><ignoreNamspaceDifferences>false</ignoreNamspaceDifferences><ignoreComments>false</ignoreComments></con:configuration></con:assertion><con:credentials><con:authType>No Authorization</con:authType></con:credentials><con:jmsConfig JMSDeliveryMode="PERSISTENT"/><con:jmsPropertyConfig/><con:wsaConfig action="urn:getEmployeeDetails" mustUnderstand="NONE" version="200508"/><con:wsrmConfig version="1.2"/></con:request></con:config></con:testStep><con:properties><con:property><con:name>name</con:name><con:value>sumanth</con:value></con:property></con:properties></con:testCase><con:testCase id="83e5db61-a005-4cfc-8adc-0031e7f3bcdc" failOnError="true" failTestCaseOnErrors="true" keepSession="false" maxResults="0" name="deleteEmployee TestCase" searchProperties="true"><con:settings/><con:testStep type="request" id="2311d326-f2c2-48d4-b328-9027a2a0a3a1" name="deleteEmployee"><con:settings/><con:config xsi:type="con:RequestStep" xmlns:xsi="http://www.w3.org/2001/XMLSchema-instance"><con:interface>EmployeeManagementServiceSoap12Binding</con:interface><con:operation>deleteEmployee</con:operation><con:request name="deleteEmployee" id="9eca18ae-1fdf-4fae-8c10-ef85a72be926"><con:settings><con:setting id="com.eviware.soapui.impl.wsdl.WsdlRequest@request-headers">&lt;xml-fragment/></con:setting></con:settings><con:encoding>UTF-8</con:encoding><con:endpoint>http://localhost:8090/axis2/services/EmployeeManagementService.EmployeeManagementServiceHttpSoap12Endpoint/</con:endpoint><con:request><![CDATA[<soap:Envelope xmlns:soap="http://www.w3.org/2003/05/soap-envelope" xmlns:typ="http://sample.com/reservation/guest/types">\r
   <soap:Header/>\r
   <soap:Body>\r
      <typ:deleteEmployee>\r
         <!--Optional:-->\r
         <typ:employeeName>starbugs</typ:employeeName>\r
      </typ:deleteEmployee>\r
   </soap:Body>\r
</soap:Envelope>]]></con:request><con:assertion type="Simple Contains" id="3324934e-ec2b-4dd1-908b-b3f2a3551951" name="Contains"><con:configuration><token>true</token><ignoreCase>false</ignoreCase><useRegEx>false</useRegEx></con:configuration></con:assertion><con:credentials><con:authType>No Authorization</con:authType></con:credentials><con:jmsConfig JMSDeliveryMode="PERSISTENT"/><con:jmsPropertyConfig/><con:wsaConfig action="urn:deleteEmployee" mustUnderstand="NONE" version="200508"/><con:wsrmConfig version="1.2"/></con:request></con:config></con:testStep><con:properties/></con:testCase><con:properties><con:property><con:name>id</con:name><con:value>125</con:value></con:property><con:property><con:name>department</con:name><con:value>test</con:value></con:property></con:properties></con:testSuite><con:testSuite id="ab495f8e-c4f3-4dc9-bc30-acc068b2309d" name="TestSuite11"><con:settings/><con:runType>SEQUENTIAL</con:runType><con:testCase id="1d2ecfc4-261b-421a-800e-b62917bac9a2" failOnError="true" failTestCaseOnErrors="true" keepSession="false" maxResults="0" name="addEmployee TestCase" searchProperties="true"><con:settings/><con:testStep type="request" id="02803a4e-89a7-4929-a0b5-a92ac39db467" name="addEmployee"><con:settings/><con:config xsi:type="con:RequestStep" xmlns:xsi="http://www.w3.org/2001/XMLSchema-instance"><con:interface>EmployeeManagementServiceSoap11Binding</con:interface><con:operation>addEmployee</con:operation><con:request name="addEmployee" id="009fd783-556c-4256-874d-41f6382a70d0"><con:settings><con:setting id="com.eviware.soapui.impl.wsdl.WsdlRequest@request-headers">&lt;xml-fragment/></con:setting></con:settings><con:encoding>UTF-8</con:encoding><con:endpoint>http://localhost:8090/axis2/services/EmployeeManagementService.EmployeeManagementServiceHttpSoap11Endpoint/</con:endpoint><con:request><![CDATA[<soapenv:Envelope xmlns:soapenv="http://schemas.xmlsoap.org/soap/envelope/" xmlns:typ="http://sample.com/reservation/guest/types">\r
   <soapenv:Header/>\r
   <soapenv:Body>\r
      <typ:addEmployee>\r
         <!--Optional:-->\r
         <typ:name></typ:name>\r
         <!--Optional:-->\r
         <typ:id>?</typ:id>\r
         <!--Optional:-->\r
         <typ:Department>?</typ:Department>\r
         <!--Optional:-->\r
         <typ:age>?</typ:age>\r
      </typ:addEmployee>\r
   </soapenv:Body>\r
</soapenv:Envelope>]]></con:request><con:credentials><con:authType>No Authorization</con:authType></con:credentials><con:jmsConfig JMSDeliveryMode="PERSISTENT"/><con:jmsPropertyConfig/><con:wsaConfig action="urn:addEmployee" mustUnderstand="NONE" version="200508"/><con:wsrmConfig version="1.2"/></con:request></con:config></con:testStep><con:properties/></con:testCase><con:testCase id="6bf8aada-345f-4932-941d-135efceeee52" failOnError="true" failTestCaseOnErrors="true" keepSession="false" maxResults="0" name="deleteEmployee TestCase" searchProperties="true"><con:settings/><con:testStep type="request" id="fae11221-2847-4531-8024-f5be8471cb8a" name="deleteEmployee"><con:settings/><con:config xsi:type="con:RequestStep" xmlns:xsi="http://www.w3.org/2001/XMLSchema-instance"><con:interface>EmployeeManagementServiceSoap11Binding</con:interface><con:operation>deleteEmployee</con:operation><con:request name="deleteEmployee" id="96451f02-705d-45d7-9837-5b499c2a8e53"><con:settings/><con:encoding>UTF-8</con:encoding><con:endpoint>http://localhost:8090/axis2/services/EmployeeManagementService.EmployeeManagementServiceHttpSoap11Endpoint/</con:endpoint><con:request><![CDATA[<soapenv:Envelope xmlns:soapenv="http://schemas.xmlsoap.org/soap/envelope/" xmlns:typ="http://sample.com/reservation/guest/types">\r
   <soapenv:Header/>\r
   <soapenv:Body>\r
      <typ:deleteEmployee>\r
         <!--Optional:-->\r
         <typ:employeeName>?</typ:employeeName>\r
      </typ:deleteEmployee>\r
   </soapenv:Body>\r
</soapenv:Envelope>]]></con:request><con:credentials><con:authType>No Authorization</con:authType></con:credentials><con:jmsConfig JMSDeliveryMode="PERSISTENT"/><con:wsaConfig action="urn:deleteEmployee" mustUnderstand="NONE" version="200508"/></con:request></con:config></con:testStep><con:properties/></con:testCase><con:testCase id="753250b4-0470-4b9c-a5fb-59f749be69ad" failOnError="true" failTestCaseOnErrors="true" keepSession="false" maxResults="0" name="getEmployeeDetails TestCase" searchProperties="true"><con:settings/><con:testStep type="request" id="bf7d6360-ee6d-4022-8ebd-69c463a41ece" name="getEmployeeDetails"><con:settings/><con:config xsi:type="con:RequestStep" xmlns:xsi="http://www.w3.org/2001/XMLSchema-instance"><con:interface>EmployeeManagementServiceSoap11Binding</con:interface><con:operation>getEmployeeDetails</con:operation><con:request name="getEmployeeDetails" id="1e173c68-9fce-4a63-b132-1786f276bfed"><con:settings/><con:encoding>UTF-8</con:encoding><con:endpoint>http://localhost:8090/axis2/services/EmployeeManagementService.EmployeeManagementServiceHttpSoap11Endpoint/</con:endpoint><con:request><![CDATA[<soapenv:Envelope xmlns:soapenv="http://schemas.xmlsoap.org/soap/envelope/" xmlns:typ="http://sample.com/reservation/guest/types">\r
   <soapenv:Header/>\r
   <soapenv:Body>\r
      <typ:getEmployeeDetails>\r
         <!--Optional:-->\r
         <typ:employeeName>?</typ:employeeName>\r
      </typ:getEmployeeDetails>\r
   </soapenv:Body>\r
</soapenv:Envelope>]]></con:request><con:credentials><con:authType>No Authorization</con:authType></con:credentials><con:jmsConfig JMSDeliveryMode="PERSISTENT"/><con:wsaConfig action="urn:getEmployeeDetails" mustUnderstand="NONE" version="200508"/></con:request></con:config></con:testStep><con:properties/></con:testCase><con:properties/></con:testSuite><con:properties><con:property><con:name>name</con:name><con:value>praveen</con:value></con:property></con:properties><con:wssContainer/><con:oAuth2ProfileContainer/><con:oAuth1ProfileContainer/><con:sensitiveInformation/></con:soapui-project>